level,num_evaluation_points,init_time_mean_sec,integral_time_mean_sec
1,1,0.0029439926147460938,0.20867478847503662
2,10,0.002115488052368164,0.2625540494918823
3,52,0.0023311376571655273,0.22910857200622559
4,196,0.002634763717651367,0.34471356868743896
5,619,0.003107309341430664,0.3013685941696167
6,1762,0.0036897659301757812,0.4923797845840454
7,4698,0.004477858543395996,0.905038595199585
8,11988,0.005465507507324219,1.813944697380066
