{
  "timestamp": "2026-03-19T14:33:59Z",
  "benchmark_level": "heavy",
  "suite": {
    "benchmarks": [
      {
        "benchmark": "initialization_scaling",
        "description": "\u6b21\u5143\u3054\u3068\u306e\u521d\u671f\u5316\u30fb\u7a4d\u5206\u6642\u9593\u306e\u30b9\u30b1\u30fc\u30ea\u30f3\u30b0",
        "max_dimension": 15,
        "fixed_level": 1,
        "results": [
          {
            "dimension": 1,
            "level": 1,
            "dtype": "<class 'jax.numpy.float64'>",
            "num_evaluation_points": 1,
            "num_terms": 1,
            "init_time": {
              "mean_sec": 0.13303112983703613,
              "std_sec": 0.18629583638124672,
              "min_sec": 0.001188039779663086,
              "max_sec": 0.39649319648742676
            },
            "integral_time": {
              "mean_sec": 0.16072948773701987,
              "std_sec": 0.04312544711728065,
              "min_sec": 0.12415480613708496,
              "max_sec": 0.221282958984375
            }
          },
          {
            "dimension": 2,
            "level": 1,
            "dtype": "<class 'jax.numpy.float64'>",
            "num_evaluation_points": 1,
            "num_terms": 1,
            "init_time": {
              "mean_sec": 0.0016642411549886067,
              "std_sec": 0.00030770349808775105,
              "min_sec": 0.0014314651489257812,
              "max_sec": 0.0020990371704101562
            },
            "integral_time": {
              "mean_sec": 0.22363877296447754,
              "std_sec": 0.037437554470681,
              "min_sec": 0.17084836959838867,
              "max_sec": 0.25353193283081055
            }
          },
          {
            "dimension": 3,
            "level": 1,
            "dtype": "<class 'jax.numpy.float64'>",
            "num_evaluation_points": 1,
            "num_terms": 1,
            "init_time": {
              "mean_sec": 0.002474069595336914,
              "std_sec": 0.0002958766561718158,
              "min_sec": 0.002055644989013672,
              "max_sec": 0.002685546875
            },
            "integral_time": {
              "mean_sec": 0.21174025535583496,
              "std_sec": 0.02965689801861647,
              "min_sec": 0.1899261474609375,
              "max_sec": 0.25366997718811035
            }
          },
          {
            "dimension": 4,
            "level": 1,
            "dtype": "<class 'jax.numpy.float64'>",
            "num_evaluation_points": 1,
            "num_terms": 1,
            "init_time": {
              "mean_sec": 0.0019747416178385415,
              "std_sec": 0.00013293331904997864,
              "min_sec": 0.0018422603607177734,
              "max_sec": 0.002156496047973633
            },
            "integral_time": {
              "mean_sec": 0.2608175277709961,
              "std_sec": 0.02627301512498074,
              "min_sec": 0.22462964057922363,
              "max_sec": 0.2862076759338379
            }
          },
          {
            "dimension": 5,
            "level": 1,
            "dtype": "<class 'jax.numpy.float64'>",
            "num_evaluation_points": 1,
            "num_terms": 1,
            "init_time": {
              "mean_sec": 0.0021753311157226562,
              "std_sec": 0.0001698190898371088,
              "min_sec": 0.002050161361694336,
              "max_sec": 0.0024154186248779297
            },
            "integral_time": {
              "mean_sec": 0.255160649617513,
              "std_sec": 0.028994548788757707,
              "min_sec": 0.23271727561950684,
              "max_sec": 0.29610180854797363
            }
          },
          {
            "dimension": 6,
            "level": 1,
            "dtype": "<class 'jax.numpy.float64'>",
            "num_evaluation_points": 1,
            "num_terms": 1,
            "init_time": {
              "mean_sec": 0.0027529398600260415,
              "std_sec": 0.00016759682401219802,
              "min_sec": 0.002551555633544922,
              "max_sec": 0.002961874008178711
            },
            "integral_time": {
              "mean_sec": 0.2981363932291667,
              "std_sec": 0.04585181919721611,
              "min_sec": 0.2643599510192871,
              "max_sec": 0.3629615306854248
            }
          },
          {
            "dimension": 7,
            "level": 1,
            "dtype": "<class 'jax.numpy.float64'>",
            "num_evaluation_points": 1,
            "num_terms": 1,
            "init_time": {
              "mean_sec": 0.002759059270222982,
              "std_sec": 0.0001159414512385449,
              "min_sec": 0.0026693344116210938,
              "max_sec": 0.0029227733612060547
            },
            "integral_time": {
              "mean_sec": 0.3088342348734538,
              "std_sec": 0.02538626355397395,
              "min_sec": 0.288576602935791,
              "max_sec": 0.3446323871612549
            }
          },
          {
            "dimension": 8,
            "level": 1,
            "dtype": "<class 'jax.numpy.float64'>",
            "num_evaluation_points": 1,
            "num_terms": 1,
            "init_time": {
              "mean_sec": 0.003093560536702474,
              "std_sec": 0.0002661208011415816,
              "min_sec": 0.0027914047241210938,
              "max_sec": 0.0034389495849609375
            },
            "integral_time": {
              "mean_sec": 0.38587578137715656,
              "std_sec": 0.046040247581456424,
              "min_sec": 0.3286113739013672,
              "max_sec": 0.4413435459136963
            }
          },
          {
            "dimension": 9,
            "level": 1,
            "dtype": "<class 'jax.numpy.float64'>",
            "num_evaluation_points": 1,
            "num_terms": 1,
            "init_time": {
              "mean_sec": 0.0035511652628580728,
              "std_sec": 0.0005007151308103538,
              "min_sec": 0.003183603286743164,
              "max_sec": 0.0042591094970703125
            },
            "integral_time": {
              "mean_sec": 0.4249562422434489,
              "std_sec": 0.04221273958565859,
              "min_sec": 0.36670780181884766,
              "max_sec": 0.46540355682373047
            }
          },
          {
            "dimension": 10,
            "level": 1,
            "dtype": "<class 'jax.numpy.float64'>",
            "num_evaluation_points": 1,
            "num_terms": 1,
            "init_time": {
              "mean_sec": 0.026839494705200195,
              "std_sec": 0.031076962561402088,
              "min_sec": 0.004602193832397461,
              "max_sec": 0.07078790664672852
            },
            "integral_time": {
              "mean_sec": 0.434961477915446,
              "std_sec": 0.031342786835114114,
              "min_sec": 0.39066076278686523,
              "max_sec": 0.4583926200866699
            }
          },
          {
            "dimension": 11,
            "level": 1,
            "dtype": "<class 'jax.numpy.float64'>",
            "num_evaluation_points": 1,
            "num_terms": 1,
            "init_time": {
              "mean_sec": 0.006342490514119466,
              "std_sec": 0.0008974600687142292,
              "min_sec": 0.00565338134765625,
              "max_sec": 0.0076100826263427734
            },
            "integral_time": {
              "mean_sec": 0.4642919699350993,
              "std_sec": 0.03767380175290594,
              "min_sec": 0.42958831787109375,
              "max_sec": 0.5166540145874023
            }
          },
          {
            "dimension": 12,
            "level": 1,
            "dtype": "<class 'jax.numpy.float64'>",
            "num_evaluation_points": 1,
            "num_terms": 1,
            "init_time": {
              "mean_sec": 0.007338285446166992,
              "std_sec": 0.0002432136739122566,
              "min_sec": 0.007114410400390625,