level,num_evaluation_points,init_time_mean_sec,integral_time_mean_sec
1,1,0.002337217330932617,0.23076605796813965
2,10,0.0025136470794677734,0.23013782501220703
3,52,0.002495408058166504,0.2545912265777588
4,196,0.004090785980224609,0.35590529441833496
5,619,0.0030971765518188477,0.37003862857818604
