dimension,level,num_evaluation_points,init_time_mean_sec,integral_time_mean_sec
1,1,1,0.12759530544281006,0.19574058055877686
2,1,1,0.0025358200073242188,0.20721054077148438
3,1,1,0.001982450485229492,0.2419586181640625
4,1,1,0.003111124038696289,0.2909049987792969
5,1,1,0.007780790328979492,0.2827719449996948
6,1,1,0.0027663707733154297,0.3112952709197998
7,1,1,0.0028574466705322266,0.3281022310256958
8,1,1,0.004161477088928223,0.35800445079803467
