{
  "experiment": "smolyak_scaling",
  "started_at_utc": "2026-03-15T12:34:53.193866+00:00",
  "platform": "cpu",
  "timeout_seconds": 45,
  "smoke_cases": [
    {
      "status": "ok",
      "backend": "cpu",
      "dimension": 24,
      "level": 4,
      "num_points": 19697,
      "storage_bytes": 3939400,
      "value": 1.0000000000005074,
      "elapsed_seconds": 1.627554919999966,
      "kind": "constant"
    },
    {
      "status": "ok",
      "backend": "cpu",
      "dimension": 16,
      "level": 5,
      "num_points": 51137,
      "storage_bytes": 6954632,
      "value": 1.0801689404038584e-14,
      "elapsed_seconds": 2.313667021000583,
      "kind": "linear"
    },
    {
      "status": "ok",
      "backend": "cpu",
      "dimension": 12,
      "level": 5,
      "num_points": 17265,
      "storage_bytes": 1795560,
      "actual": 1.0746570170899377,
      "elapsed_seconds": 0.6059858469998289,
      "kind": "analytic_exponential",
      "coefficients": [
        -0.55,
        -0.4409090909090909,
        -0.3318181818181818,
        -0.22272727272727272,
        -0.11363636363636359,
        -0.004545454545454519,
        0.10454545454545461,
        0.21363636363636374,
        0.32272727272727286,
        0.431818181818182,
        0.540909090909091,
        0.65
      ],
      "expected": 1.0746570171262324,
      "abs_err": 3.629474498723084e-11,
      "tolerance": 1e-09
    }
  ],
  "large_accuracy_cases": [
    {
      "status": "ok",
      "backend": "cpu",
      "dimension": 20,
      "level": 4,
      "num_points": 11561,
      "storage_bytes": 1942248,
      "actual": 1.1189327147872978,
      "elapsed_seconds": 0.8354548509996675,
      "kind": "analytic_exponential",
      "coefficients": [
        -0.55,
        -0.4868421052631579,
        -0.4236842105263158,
        -0.3605263157894737,
        -0.29736842105263156,
        -0.23421052631578942,
        -0.17105263157894735,
        -0.10789473684210521,
        -0.044736842105263075,
        0.018421052631579005,
        0.0815789473684212,
        0.14473684210526327,
        0.20789473684210535,
        0.27105263157894754,
        0.3342105263157896,
        0.3973684210526318,
        0.4605263157894739,
        0.523684210526316,
        0.586842105263158,
        0.65
      ],
      "expected": 1.1189354503175972,
      "abs_err": 2.735530299391442e-06,
      "tolerance": 5e-06
    },
    {
      "status": "ok",
      "backend": "cpu",
      "dimension": 24,
      "level": 4,
      "num_points": 19697,
      "storage_bytes": 3939400,
      "actual": 1.1418611153823643,
      "elapsed_seconds": 1.7353228709980613,
      "kind": "analytic_exponential",
      "coefficients": [
        -0.55,
        -0.49782608695652175,
        -0.4456521739130435,
        -0.3934782608695652,
        -0.341304347826087,
        -0.2891304347826087,
        -0.2369565217391304,
        -0.18478260869565216,
        -0.13260869565217387,
        -0.08043478260869558,
        -0.02826086956521734,
        0.023913043478260954,
        0.07608695652173925,
        0.12826086956521754,
        0.18043478260869572,
        0.232608695652174,
        0.2847826086956523,
        0.3369565217391306,
        0.3891304347826089,
        0.4413043478260871,
        0.49347826086956537,
        0.5456521739130438,
        0.597826086956522,
        0.65
      ],
      "expected": 1.1418675104608298,
      "abs_err": 6.395078465448734e-06,
      "tolerance": 1e-05
    },
    {
      "status": "ok",
      "backend": "cpu",
      "dimension": 16,
      "level": 5,
      "num_points": 51137,
      "storage_bytes": 6954632,
      "actual": 1.0965171334106503,
      "elapsed_seconds": 2.35277658600171,
      "kind": "analytic_exponential",
      "coefficients": [
        -0.55,
        -0.47000000000000003,
        -0.39,
        -0.31,
        -0.22999999999999998,
        -0.14999999999999997,
        -0.06999999999999995,
        0.010000000000000009,
        0.09000000000000008,
        0.17000000000000015,
        0.2500000000000001,
        0.33000000000000007,
        0.41000000000000014,
        0.4900000000000002,
        0.5700000000000001,
        0.65
      ],
      "expected": 1.0965171388518933,
      "abs_err": 5.441243011716779e-09,
      "tolerance": 1e-08
    }
  ],
  "oom_probe_platform": "gpu",
  "oom_probe_cases": null
}
