{
  "condition": {
    "min_dimension": 1,
    "max_dimension": 3,
    "min_level": 1,
    "max_level": 2,
    "dtypes": [
      "float32"
    ],
    "num_trials": 1,
    "timeout_seconds": 300.0,
    "device": "cpu",
    "num_accuracy_problems": 9,
    "coeff_start": -0.55,
    "coeff_stop": 0.65,
    "total_cases": 6,
    "total_tasks": 6,
    "experimental": false
  },
  "total_cases": 6,
  "successful_cases": 6,
  "failed_cases": 0,
  "success_rate": 100.0,
  "elapsed_seconds": 1.894580602645874,
  "throughput_cases_per_second": 3.166927810630336,
  "init_time_stats": {
    "count": 6,
    "mean_ms": 10.21740865932467,
    "min_ms": 8.326972019858658,
    "max_ms": 14.717384008690715
  },
  "integrate_time_stats": {
    "count": 6,
    "mean_ms": 107.31238192238379,
    "min_ms": 84.21716102748178,
    "max_ms": 123.45228902995586
  },
  "accuracy_stats": {
    "absolute_error": {
      "count": 6,
      "mean": 0.08333333457509677,
      "min": 0.0,
      "max": 0.25,
      "median": 0.08333333333333333
    },
    "relative_error": {
      "count": 6,
      "mean": 0.5000000099341074,
      "min": 0.0,
      "max": 1.0,
      "median": 1.0
    }
  }
}