{
  "condition": {
    "min_dimension": 1,
    "max_dimension": 5,
    "min_level": 1,
    "max_level": 5,
    "dtypes": [
      "float32"
    ],
    "num_trials": 2,
    "timeout_seconds": 300.0,
    "device": "cpu",
    "num_accuracy_problems": 9,
    "coeff_start": -0.55,
    "coeff_stop": 0.65,
    "total_cases": 25,
    "total_tasks": 50,
    "experimental": false
  },
  "total_cases": 50,
  "successful_cases": 50,
  "failed_cases": 0,
  "success_rate": 100.0,
  "elapsed_seconds": 6.1181418895721436,
  "throughput_cases_per_second": 8.172415890716882,
  "init_time_stats": {
    "count": 50,
    "mean_ms": 6.016302367206663,
    "min_ms": 1.3150490121915936,
    "max_ms": 15.729408012703061
  },
  "integrate_time_stats": {
    "count": 50,
    "mean_ms": 117.89206116634887,
    "min_ms": 57.0244014961645,
    "max_ms": 189.36032202327624
  },
  "accuracy_stats": {
    "absolute_error": {
      "count": 50,
      "mean": 0.05000017394622165,
      "min": 0.0,
      "max": 0.4166666666666667,
      "median": 3.9736429868764134e-08
    },
    "relative_error": {
      "count": 50,
      "mean": 0.2000005013942718,
      "min": 0.0,
      "max": 1.0,
      "median": 9.536743168503391e-08
    }
  }
}